{
  "article_id": "4e5d65cc6b30",
  "url": "https://www.themag.co.uk/2024/07/important-newcastle-united-dates-to-watch-out-for-now-4-july-2024-updated/",
  "title": "Important Newcastle United dates to watch out for - Now ( 4 July 2024 ) updated",
  "date": "20240704T183000Z",
  "domain": "themag.co.uk",
  "source_country": "",
  "language": "English",
  "gender_category": "women",
  "source_pipeline": "women_expanded_gdelt_simple",
  "body_text": "Important Newcastle United dates to watch out for – Now (4 July 2024) updated\nSome interesting dates ahead for Newcastle United fans.\nAs the seasons draws ever nearer, more information coming into the public domain.\nOnly 44 days until Newcastle United kick of their Premier League season.\nPlenty happening ahead of that…\nUpcoming dates for Newcastle United fans to note:\nSunday 30 June 2024 – The end of the latest NUFC financial year and latest three-year PSR period, where allowable losses can’t exceed £105m (some club expenditure doesn’t count towards PSR).\nEarly July 2024 – The Newcastle United first-team squad set to return to start pre-season preparations.\nEarly July 2024 – Release of 2024/25 Newcastle United away shirt/kit\nMonday 1 July 2024 – Tickets go on sale for the friendly at Hull (27 July), initially season ticket holders with 60 loyalty points can buy them, an allocation of 4,500 tickets for NUFC fans.\nWednesday 3 July 2023 – Tickets go on sale to season ticket holders and members for the SJP Sela Weekend friendlies on 9 and 10 August\nFriday 5 July 2024 – The Premier League has pledged to reveal details of all August and September live TV matches by this date at the very latest.\nSaturday 6 July 2024 – England (Kieran Trippier and Anthony Gordon) v Switzerland (Fabian Schar) for a place in the 2024 Euros semis – 5 pm kick-off\nSaturday 6 July 2024 – Brazil (Bruno Guimaraes) v Uruguay for a place in the 2024 Copa America semis (Sunday early hours 2 am kick-off in UK time)\nSunday 14 July 2024 – European Championships final.\nSunday 14 July 2024 – Copa America final.\nMid/later July 2024 – Sky Sports report that Newcastle United will spend a week doing pre-season training in Germany (before Hull and Japan friendlies), still awaiting official confirmation of this, as well as news of any match(es) whilst the squad is over there\nSaturday 27 July 2024 – Hull City v Newcastle United friendly, 2pm kick-off.\nWednesday 31 July 2024 – Urawa Red Diamonds v Newcastle United friendly in Japan, playing at the 62,000 capacity Saitama Stadium, the largest football-specific stadium in Japan.\nEarly August 2024 – Release of 2024/25 Newcastle United third shirt / kit\nSaturday 3 August 2024 – Yokohama F Marinos v Newcastle United friendly at the National Stadium in Toyko.\nFriday 9 August 2024 – Newcastle United v Girona FC friendly 7.30pm kick-off (SJP Sela weekend)\nSaturday 10 August 2024 – Newcastle United Women v TBC 1pm kick-off (SJP Sela weekend)\nSaturday 10 August 2024 – Newcastle United v Stade Brestois 4pm kick-off (SJP Sela weekend)\nSaturday 17 August 2024 – Newcastle v Southampton (3pm kick-off) kicks NUFC Premier League season off\nFriday 30 August 2024 – Summer transfer window closes at 11pm.\nWednesday 1 January 2025 – Winter transfer window opens.\nMonday 3 February 2025 – Winter transfer window closes at 11pm.\nSunday 25 May 2025 – The final round of 2024/25 Premier League fixtures will be played.\nIf you would like to feature on The Mag, submit your article to contribute@themag.co.uk",
  "word_count": 515,
  "scraped_at": "2026-02-14T12:09:51.005554"
}